0,FraudFound_P
14088,0
13341,0
1588,0
3425,0
12755,0
10517,0
1502,0
435,0
4734,0
11623,0
13756,0
4808,0
11521,0
10375,0
5506,0
8496,0
11631,0
7598,0
12639,0
5763,0
2106,0
8233,0
7134,0
5743,0
15181,0
7902,0
11293,0
2773,0
3701,0
7326,0
517,0
4022,0
15095,0
13792,0
2324,0
12994,0
5544,0
1883,0
2159,0
7315,0
6653,0
1737,0
11588,0
1598,1
3361,0
7771,0
1794,0
10717,0
5862,0
5992,0
9157,0
13447,0
4413,0
8554,0
12784,0
8461,0
11328,0
2081,0
8969,0
6491,0
5092,0
5085,0
10328,0
380,0
14024,0
3195,0
599,0
432,0
5510,0
4686,0
5124,0
15285,0
3567,0
2187,0
13691,0
13765,0
1010,0
13530,0
3678,0
11332,0
7896,0
13751,0
14924,0
7306,0
10487,0
4379,0
7677,0
51,0
11880,0
2394,0
5296,0
4916,0
9512,0
14833,0
1896,0
3196,0
7859,0
15386,0
11162,0
2285,0
6315,0
11611,0
480,0
5700,0
3329,0
10888,0
12408,0
14152,0
9323,0
8238,0
4941,0
6145,0
1419,1
15263,0
12490,0
9330,0
13486,0
12062,0
4065,0
5423,0
2682,0
1376,0
10323,0
5995,0
150,0
5197,1
14269,0
7889,0
5685,0
14813,0
9671,0
8733,0
924,0
13283,0
12448,0
5027,0
9462,0
5821,0
13874,0
13247,0
825,0
11822,0
14137,0
9518,0
11585,0
379,0
14250,0
2583,0
5282,0
4484,0
6761,0
8759,0
7345,0
5112,0
1996,0
5388,0
5264,0
14093,0
5287,0
951,0
11571,0
8200,0
11050,0
14985,0
773,0
12751,0
6768,0
13406,0
4802,0
496,0
11767,0
14849,0
12435,0
10359,0
6318,0
15161,0
11733,0
12975,0
13105,0
5261,0
4049,0
2615,0
15335,0
1796,0
1625,0
5926,0
11090,0
10032,0
10422,0
13311,0
12087,0
7807,0
979,0
3343,0
15219,0
6258,0
4126,0
8642,0
9553,0
1466,0
5121,0
6064,0
14878,0
1836,0
13938,0
1488,0
7264,0
11056,0
9337,0
11881,0
6404,0
1991,0
4219,0
5361,0
2080,0
5218,0
1341,0
713,0
9543,0
5604,0
12666,0
14022,0
7221,0
12450,0
10412,0
8469,0
12947,0
7927,0
6410,0
10662,0
14386,0
784,0
572,0
1541,0
11393,0
5971,0
13904,0
4241,0
11476,0
11682,0
1390,0
13420,0
1982,0
14782,0
3697,0
1579,0
6560,0
14174,0
1565,0
11273,0
4750,0
3346,0
5935,0
12533,0
780,0
14677,0
10259,0
7687,0
7495,0
9421,0
10623,0
3510,0
7494,0
442,0
13068,0
5322,0
11730,0
12199,0
15333,0
10904,0
9825,0
2687,0
6098,0
12214,0
2114,0
3939,0
3936,0
5892,0
2992,0
15293,0
3705,0
15282,0
5925,0
738,0
3174,0
4069,0
8425,0
12805,0
6140,0
3485,0
3574,0
10459,0
14619,0
7827,0
9301,0
5248,0
2484,0
14726,0
12120,0
213,0
12176,0
8291,0
11052,0
1924,0
3116,0
14888,0
13458,0
3483,0
13025,0
8248,0
5959,0
8823,0
12851,0
10308,0
9414,0
6639,0
9021,0
10709,0
11387,0
8191,0
1269,0
7895,0
9499,0
7975,0
12038,0
14892,0
74,0
8746,0
10128,0
14676,0
5913,0
3356,0
398,0
11755,0
13115,0
9243,0
2755,0
4923,0
14883,0
6432,0
3754,0
4626,0
11480,0
6718,0
11552,0
4276,0
5563,0
1211,0
444,0
11212,0
14920,0
7303,0
6587,0
11592,0
1920,0
10304,0
6293,0
916,0
9770,0
4853,0
14666,0
9092,0
12558,0
7914,0
999,0
5199,0
14059,0
9913,0
10447,0
1442,0
1952,0
10990,0
13596,0
12595,0
9907,0
2074,0
2870,0
12224,0
2978,0
13374,0
14200,0
141,1
2082,0
14270,0
2944,0
11165,0
884,0
4765,0
6130,0
10288,0
1259,0
13959,0
11338,0
4647,0
13848,0
2942,0
10204,0
14359,0
14941,0
11590,0
14775,0
10339,0
236,0
9118,0
8314,0
2714,0
12995,0
13354,0
8230,0
8452,0
8697,0
14466,0
9931,0
13884,0
2554,0
13109,0
5285,0
13735,0
4906,0
3378,0
4934,0
8006,0
1108,0
4620,0
10499,0
2417,0
13919,0
302,0
8767,0
3552,0
9940,0
1075,0
7127,0
3935,0
10563,0
8620,0
3254,0
1048,0
4902,0
9288,0
5949,0
276,0
12198,0
9921,0
13941,0
8810,0
8216,0
11485,0
6953,0
14518,0
8555,0
8271,0
13843,0
778,0
11703,0
1497,0
7409,0
7085,0
3332,0
2168,0
7273,0
11885,0
1321,0
9466,0
6843,0
641,0
6127,0
9236,0
13615,0
3095,0
1614,0
8466,0
7706,0
1472,0
10437,0
2823,0
5138,0
11250,0
668,0
11103,0
6607,0
12967,0
13154,0
14207,0
15218,0
10138,0
6376,0
7744,0
9277,0
14658,0
2400,0
9309,0
3977,0
15415,0
1249,0
8761,0
2243,0
6535,0
3930,0
10261,0
3156,0
7126,0
2530,0
9827,0
1300,0
2138,0
9661,0
1917,0
15393,0
434,0
556,0
6808,0
404,0
13895,0
8766,0
1930,0
294,0
5480,0
12706,0
3108,0
5451,0
5917,0
2686,0
11358,0
4378,0
11488,0
6333,0
11204,0
11161,0
15321,0
7526,0
13353,0
15207,0
8287,0
215,0
7564,0
9782,0
9986,0
11380,0
11184,0
597,0
11389,0
7188,0
6942,0
5471,0
12703,0
2623,0
10739,0
10631,0
9638,0
4625,0
8311,0
2849,0
4067,0
12256,0
8283,0
83,0
1012,0
57,0
1428,0
8968,0
14588,0
10319,0
10205,0
850,0
9407,0
10845,0
296,0
3370,0
10598,0
205,0
12747,0
6900,0
10872,0
8702,0
15330,0
8745,0
9385,0
6154,0
593,0
1808,0
9449,0
562,0
771,0
11120,0
7173,0
6892,0
13232,0
2032,1
15274,0
2880,0
1282,0
14239,0
4387,0
9221,0
8147,0
8386,0
3036,1
1294,0
15289,0
4912,0
10509,0
9405,0
5967,0
3874,0
10987,0
2076,0
12507,0
6021,0
8851,0
4618,0
6421,0
12497,0
4266,0
3449,0
4667,0
4267,0
9835,0
1594,0
13278,0
13213,0
6956,0
6898,0
76,0
6565,0
7971,0
3334,1
14369,0
4502,0
14642,0
14027,0
5405,0
7591,0
6871,0
8853,0
8140,0
8877,0
7016,0
11627,0
8531,0
7245,0
877,0
4777,0
3682,0
1748,0
4668,0
3018,0
9383,0
14064,0
8719,0
2093,0
525,0
7710,0
12937,0
3694,0
7226,0
10114,0
4901,0
9195,0
8674,0
5946,0
15143,0
12191,0
3524,0
6435,0
11979,0
8072,0
9581,0
6046,0
10901,0
6442,0
6191,0
11223,0
14067,0
9479,0
11108,0
2926,0
12606,0
275,0
7312,0
2750,0
5048,0
1005,0
644,0
4741,0
4171,0
3592,0
8453,0
7426,0
2418,0
7260,0
7626,0
15074,0
964,0
14387,0
4207,0
1480,0
12820,0
880,0
12517,0
2499,0
1227,0
9107,0
7850,0
5932,0
4651,0
1939,0
1215,0
7904,0
7965,0
1980,0
14526,0
14923,0
3105,0
504,0
2928,0
9003,0
13217,0
10621,0
12715,0
1972,0
5337,0
14261,0
12470,0
8997,0
6211,0
12513,0
2438,0
10806,0
12276,0
13865,0
13403,0
14020,0
4946,0
4412,0
14952,0
12164,0
14463,0
6615,0
5222,0
7230,0
4018,0
5107,0
13675,0
6527,0
8099,0
2913,0
2426,0
10322,0
4653,0
5385,0
7617,0
14615,0
2987,0
2498,0
11824,0
7572,0
12651,0
2600,0
6675,0
683,0
12449,0
3628,0
4587,0
7675,0
10182,0
4656,0
13780,0
14468,0
13345,0
1627,0
8921,0
569,0
11497,0
10092,0
13634,0
10549,0
6414,0
10963,0
3152,0
12761,0
13899,0
12997,0
741,0
3385,0
11951,0
5339,0
3720,0
4474,0
3318,0
9350,0
9240,0
10653,0
9697,0
24,0
13326,0
7120,0
9416,0
8855,0
3965,0
8480,0
4490,0
7883,0
56,0
13118,0
3289,0
5134,0
6399,0
4081,1
2269,0
4274,0
3387,0
13417,0
8400,0
10968,0
12881,0
9135,0
15023,0
5543,0
52,0
3536,0
8088,0
7573,0
8325,0
1699,0
1053,0
2998,0
2528,0
9313,0
9065,0
10214,0
12690,0
5711,0
3000,0
12728,0
5534,0
3995,0
4312,0
467,1
3741,0
10480,0
10059,0
5400,1
15324,0
9169,0
3446,0
1366,0
6513,0
5845,0
12156,0
13802,0
7552,0
7492,0
7394,0
2895,0
4381,0
1870,0
7413,0
13702,0
414,0
12458,0
14134,0
6811,0
15398,0
1469,0
12454,0
737,0
10324,0
9689,0
11995,0
4342,0
2841,0
1455,0
4615,0
5272,0
4591,0
9165,0
7227,0
11727,0
7197,0
12855,0
3594,0
9142,0
2347,0
410,0
5284,0
15140,0
12968,0
8414,0
2769,0
7331,0
4595,0
14877,0
5927,0
12972,0
14047,0
6682,0
9249,0
3473,0
6659,0
4552,0
6036,0
1396,0
808,0
8009,0
6323,0
6220,0
12674,0
8609,0
9570,1
15278,0
11894,0
2491,0
5229,0
5271,0
13338,0
2586,0
13509,0
10864,0
13112,0
9086,0
3137,0
10208,0
1402,0
11594,0
11016,0
4455,0
2143,0
11294,0
8790,0
3971,0
12658,0
9352,0
6336,0
12733,0
7349,0
14694,0
186,0
13927,0
11014,0
3771,0
9749,0
15026,0
8439,0
8690,0
7881,0
15383,0
10622,0
9743,0
9540,0
3857,0
2399,0
5175,0
13984,0
166,0
1479,0
14979,0
12111,0
2255,0
11170,0
13266,0
12874,0
12426,0
9968,0
13805,0
5328,0
13055,0
3493,0
10131,0
13178,0
4624,0
11023,0
3452,0
8977,0
4002,0
3652,0
6426,0
14521,0
4431,0
7464,0
8460,0
15008,0
13745,0
1742,0
2485,0
3061,0
7566,0
4333,0
12358,0
446,0
12341,0
13517,0
12611,0
14854,0
5722,0
4473,0
12017,0
13830,0
2622,0
5864,0
7360,0
10280,0
9415,0
14876,0
10120,0
14647,0
13382,0
368,0
11225,0
3844,0
6778,0
12207,0
11803,0
1531,0
2524,0
12128,0
6317,0
981,0
1553,0
2579,0
10036,0
11764,0
14741,0
13045,0
3690,0
15045,0
11991,0
15029,0
6226,0
9380,0
5645,0
1109,0
9729,0
958,0
13776,0
11514,0
9078,0
188,0
6576,0
358,1
1061,0
8707,0
8478,0
12636,0
1491,0
2941,0
2674,0
11024,0
11216,0
11193,0
6076,0
3543,1
3411,0
7562,0
2553,0
3458,0
10113,0
1804,0
10283,0
15186,0
10325,0
12591,0
14374,1
4182,0
501,0
10969,0
1231,0
4697,0
21,0
12021,0
2195,0
4856,0
190,0
3087,0
5740,0
13651,0
13096,0
472,0
3230,0
5549,1
1949,0
4352,0
10354,0
9672,0
3034,0
2581,0
7361,0
13310,0
15100,0
13360,0
6611,0
14167,0
11618,0
9194,0
4134,0
860,0
1823,0
596,0
12732,0
2299,0
11064,0
4747,0
6543,0
4295,0
9247,0
2843,0
1889,0
11952,0
10675,0
12759,0
5554,0
10768,0
10141,0
7384,0
10002,0
1334,0
1011,0
7503,0
9467,0
2057,0
10817,0
4264,0
9613,0
8573,0
11496,0
12134,0
3277,0
10878,0
3484,0
15356,0
28,1
7036,0
12244,0
8409,0
560,0
10164,0
5434,0
8098,0
8545,0
14780,0
5043,0
13694,0
5898,0
1772,0
662,0
13710,0
6316,0
787,0
38,0
54,0
13231,0
11428,0
15418,0
4285,0
8501,0
305,0
10606,0
978,0
308,0
7005,0
14495,0
8412,0
3442,0
14151,0
13429,0
2367,0
11987,0
163,0
7942,0
2221,0
3202,0
13114,0
1242,0
6664,0
2416,0
3706,0
14216,0
8261,0
14701,0
14292,0
6520,0
5723,0
2185,0
10743,0
14809,0
13829,0
10903,0
14010,1
8998,0
2476,0
10052,0
9001,0
6766,0
5561,0
10666,0
11506,0
11299,0
14148,0
13609,0
6197,0
923,0
10287,0
5427,0
9687,0
9884,0
1806,0
8280,0
14170,0
8443,0
1875,0
14420,0
2930,0
6088,0
6321,0
13677,0
14909,0
14688,0
9109,0
6861,0
15255,0
8170,0
8281,0
10286,0
9422,0
6444,0
12684,0
4465,0
11919,0
8889,0
11435,0
11264,0
14019,0
11125,0
13415,0
8406,0
12213,0
11466,0
5005,0
11229,0
9040,0
1522,0
12957,0
10161,0
3323,0
9911,0
9034,0
8833,0
3828,0
5382,0
2451,0
13624,0
12135,0
5836,0
262,0
1006,0
8181,0
3076,0
1180,0
4328,0
10421,0
9799,0
12182,0
3853,0
3075,0
8215,0
6567,0
7150,0
9660,0
5482,0
5277,0
15252,0
6881,0
11756,0
12671,0
7685,0
4044,0
5656,0
14049,0
9210,0
6139,0
3009,0
8260,0
3064,0
154,0
10829,0
11055,0
1586,0
3287,0
2496,0
1830,0
12340,0
12346,0
8038,0
9817,0
13269,0
10126,0
3439,0
268,1
1762,0
9175,0
405,0
8860,0
3659,0
5525,0
13704,0
10843,0
95,0
7160,0
2393,0
3814,0
13200,0
9961,0
7266,0
7298,0
2612,0
10270,0
14750,0
9670,0
7828,0
2253,1
6870,0
10859,0
2589,0
8518,0
7198,0
8971,0
11972,0
10715,0
9271,0
10506,0
4486,0
9980,0
5779,0
7654,0
8321,0
1759,0
8374,0
13664,0
12970,0
5916,0
13422,0
11768,0
3082,0
13411,0
423,0
8832,0
14229,0
12481,0
259,0
11018,0
13381,0
2087,0
9731,0
370,0
12689,0
14639,0
14960,0
1753,0
2661,0
11491,0
8775,0
10638,0
4963,0
2563,0
9299,0
8275,0
4764,0
6501,1
5357,0
4824,0
2219,0
15076,0
2261,0
2810,0
58,0
11291,0
5601,0
9606,0
8886,0
2066,0
756,0
4124,0
12146,0
146,0
12308,0
10370,0
2523,0
7247,0
13555,0
14188,0
7161,0
3732,0
10925,0
9438,0
3969,0
12778,0
10919,0
1521,0
7374,0
8167,0
9819,0
8629,0
7524,0
6372,0
7142,0
13125,0
2990,0
13836,0
9369,0
6411,0
10005,0
15139,0
8342,0
6388,0
7935,0
6860,0
1975,0
8943,0
13075,0
11814,0
12654,0
2845,0
10930,0
10674,0
13175,0
9281,0
6674,0
729,0
7083,0
3256,0
14922,0
4280,0
2556,0
314,0
14907,0
1557,0
136,0
3119,0
11925,0
73,0
14901,0
4234,0
10624,0
604,0
3554,0
14597,0
15005,0
11565,0
4009,0
5417,0
4736,0
173,0
15402,0
11945,0
5243,0
12468,0
6983,0
1158,0
3516,0
8516,0
10340,0
2067,0
7567,0
6475,0
13495,0
2345,0
1535,0
2205,0
15363,0
5247,0
7014,0
6536,0
628,0
5073,0
4339,0
3749,0
5346,0
5569,0
7147,0
3111,0
3046,0
8776,0
757,0
10824,0
791,0
6796,0
12780,0
6150,0
2101,0
9967,0
13464,0
614,0
1596,0
14106,0
8978,0
2190,0
6347,0
15109,0
8459,0
5920,0
2147,0
12291,0
4043,0
6850,0
12137,0
5933,0
7454,0
2359,1
5539,0
8608,0
33,0
13670,0
5182,0
11171,0
9139,0
4423,0
9151,0
5876,0
4335,0
5850,0
7891,0
10341,0
3603,0
177,0
5257,0
160,0
14171,0
5707,0
14042,0
12452,0
6971,0
11538,0
5701,0
6126,0
10782,0
6862,0
15313,0
4735,0
7857,0
360,0
5208,0
6997,0
7720,0
7852,0
4500,0
11080,0
3060,0
3186,0
8007,0
8500,0
7316,0
12462,0
8214,0
6124,0
7289,0
9890,0
2003,0
14326,0
11448,0
12938,0
6812,0
9493,0
14996,0
11826,0
10537,0
2385,0
11591,0
15169,0
11350,0
7563,0
919,0
12108,0
11838,0
11174,0
282,1
2237,0
4307,0
372,0
7510,0
12299,0
475,0
14118,0
10918,0
13330,0
11842,0
4050,0
2252,0
7029,0
561,0
13220,0
10230,0
13254,0
6250,0
4767,0
11624,0
5528,0
6521,0
6773,0
3221,0
6262,0
8927,0
7416,0
12148,0
8599,0
6819,0
1780,0
739,0
6738,0
1756,0
3631,0
2720,0
1018,0
6925,0
3755,0
11431,0
10781,0
8762,0
2214,0
5449,0
10352,0
9681,0
9079,0
4466,0
7211,0
5768,0
1117,0
60,0
13913,0
8803,0
2329,0
6237,0
7288,0
12480,0
14891,0
3389,0
2746,0
3160,0
9311,0
8353,0
6417,0
9453,0
12023,0
2134,0
9317,0
1408,0
10021,0
7295,0
4851,0
11542,0
10821,0
8272,0
2390,0
10368,0
889,0
6472,0
1548,0
2753,0
483,0
1744,0
3598,0
2791,0
7620,0
2049,0
12279,0
3399,0
13914,0
13006,0
4666,1
11644,0
3566,0
10778,0
1597,0
7540,0
7594,0
7922,0
14709,0
13636,0
15062,0
7408,0
9016,0
132,0
11360,0
15012,0
8358,0
911,0
14664,0
8303,0
13584,0
15413,0
6585,0
3214,0
13690,0
1154,0
13552,0
12900,0
8570,0
14803,0
491,0
7086,0
12531,0
5236,0
5897,0
7140,0
5950,0
7992,0
7746,0
907,0
10220,0
4119,0
2638,0
8584,0
9046,0
2216,0
13299,0
14733,0
14206,0
6272,0
13001,0
570,0
9343,0
11316,0
14343,0
15009,0
11672,0
11487,0
7695,0
7542,0
3829,0
12438,0
9495,0
8774,0
8413,0
5566,0
12204,0
5410,0
1319,0
9837,0
13435,0
15318,0
1348,0
7317,0
12008,0
7511,0
6358,0
3066,0
1230,0
1922,0
4074,0
15267,0
14950,0
6319,0
1217,0
11656,0
8014,0
2309,0
1203,0
3125,0
1150,0
6975,0
3045,0
8837,0
8913,0
12549,0
3514,0
7986,0
8397,0
6116,0
9112,0
7604,0
6969,0
1444,0
355,0
8057,0
5501,0
3898,0
9709,0
4232,0
7352,0
5546,0
14190,0
4881,0
14127,0
13534,0
1181,0
3,0
214,0
3605,0
6039,0
10867,0
1749,0
5106,0
8653,0
3739,0
1305,0
9905,0
8422,0
1179,0
2439,0
11943,0
8923,0
14226,0
11732,0
1325,0
9723,0
8085,0
12284,0
3928,0
6794,0
6309,0
5393,0
3283,0
775,0
8484,0
7951,0
10591,0
11238,0
11349,0
7448,0
8869,0
7528,0
13242,0
5354,0
14819,0
900,0
5122,0
9190,0
4154,0
8344,0
12387,0
7207,0
9361,0
13617,0
13834,0
10070,0
1966,0
11251,0
8710,0
11160,0
5560,0
14462,0
339,0
10618,0
4384,0
10067,0
4110,0
8212,0
11948,0
12053,0
5097,0
15389,0
5633,0
3733,0
9351,0
9233,0
7114,0
9127,1
5439,0
15327,0
8042,0
11230,0
6530,0
14181,0
6278,0
5760,0
7456,0
5574,0
1213,0
8587,0
858,0
7980,0
4645,0
9849,0
7649,0
7497,0
3296,0
4929,0
4221,0
8808,0
10017,0
9573,0
12773,0
12046,0
14634,0
11493,0
2429,0
1160,0
8966,0
8535,0
4203,0
9568,0
13171,0
3291,0
12707,0
7667,0
121,0
11191,0
5370,1
11417,0
961,0
3118,0
10159,0
1135,0
12473,0
10547,0
11362,0
96,0
4756,0
1289,0
11414,0
3043,0
13207,0
3140,0
12280,0
7425,0
841,0
14887,0
4893,0
9290,0
8062,0
5964,0
15014,0
9068,0
9450,0
12349,0
10501,0
1641,0
14023,0
5908,1
8323,0
1551,0
1512,0
15210,0
11604,0
5378,0
11915,0
2300,0
7181,0
9166,0
9440,0
2901,0
7135,0
11005,0
9253,0
11187,0
13616,0
11109,0
3048,0
323,0
3359,0
13340,0
12852,0
1209,0
6113,0
1382,0
9331,0
3188,0
5981,0
2148,0
8527,0
4939,0
10403,0
5810,0
5193,0
637,0
12668,0
5034,0
3396,0
13905,0
14600,0
10620,0
4289,0
4152,0
2606,0
6762,0
11745,0
10837,0
2222,1
12133,0
12630,0
6335,0
239,0
13760,0
1031,0
13985,0
2519,0
6043,1
7560,0
8330,0
13083,0
10803,0
4521,0
5679,0
5499,0
12424,0
13473,0
13688,0
12570,0
11445,0
9012,0
3716,0
4539,0
12230,0
11489,0
4226,0
5573,0
7822,0
12066,0
2304,0
1619,0
3624,0
10899,0
1103,0
2533,0
8961,0
3440,0
1218,0
6032,0
8100,0
12846,0
11701,0
4106,0
12479,0
5310,0
2444,0
14380,0
3410,0
12434,0
11301,0
10302,0
2727,0
6970,0
11003,0
11132,0
11140,0
6541,0
6707,0
8792,0
10011,0
12840,0
1505,0
5029,0
13810,0
1023,0
12219,0
12264,0
9300,0
8246,0
7309,0
4273,0
3354,0
899,0
8752,0
13650,0
1797,0
13544,0
15156,0
9148,0
2105,0
8210,0
12492,0
14853,0
14413,0
6539,0
11688,0
1595,0
1090,0
12370,0
5963,0
1360,0
2779,0
3909,0
10730,0
2921,0
12932,0
13275,0
1194,0
6756,0
11139,0
1555,1
7673,0
588,0
5934,0
12716,0
10413,0
866,0
3051,0
11472,0
10703,0
319,0
12919,0
7824,0
1977,0
5816,0
15108,0
13070,0
3321,0
6,0
2251,0
9328,0
5770,0
5741,0
15080,0
9575,0
10560,0
10494,0
11975,0
4083,0
9503,0
6625,0
9268,0
2668,0
12255,0
9176,0
1612,0
9844,0
2685,0
4964,0
9704,0
4435,0
8336,0
11298,0
8693,0
9346,0
2871,0
13357,0
2866,0
732,0
6752,0
8194,0
10252,0
8783,0
11118,0
11166,0
267,0
15044,0
6979,0
9959,0
3209,0
7158,0
449,0
8510,0
9372,0
466,0
10361,0
10117,0
13152,0
12436,0
6038,0
6952,0
6747,0
14414,0
12682,0
14085,0
12521,0
6190,0
5074,0
7081,0
4759,0
6962,0
1515,0
876,0
5952,0
5214,0
1731,0
10580,0
4592,0
6297,0
15367,0
735,0
12348,0
9561,0
14768,0
4619,0
10185,0
760,0
15382,0
62,0
2868,0
4372,0
6375,0
14429,0
1116,0
6052,0
5091,0
14477,0
2759,0
15028,0
7183,0
5709,0
14434,0
15118,0
4389,0
3812,0
3074,0
6053,0
13460,0
4721,0
15040,0
6544,0
9366,0
10932,0
14763,0
11049,0
13628,0
10581,0
8560,0
2703,0
2004,0
4035,0
1082,0
7929,0
6774,0
6619,0
3580,0
8503,0
390,0
15191,0
3313,0
13067,0
5748,0
10196,0
7231,0
9785,0
2107,0
244,0
2712,0
3719,0
14484,0
5130,0
535,0
12575,0
2361,0
9666,0
11452,0
8015,0
8773,0
11227,0
12189,0
7683,0
1268,0
15112,0
8502,0
9105,0
829,0
15130,0
3114,0
9893,0
10384,1
15102,0
15167,0
6677,0
14232,0
567,0
4278,0
4149,0
13468,0
1905,0
5376,0
11530,0
8715,0
11275,0
2450,0
5515,0
7796,1
2855,0
6701,0
11240,0
2075,0
2318,0
5757,0
11157,0
4677,0
12477,0
14291,0
5520,0
3903,0
11981,0
1310,0
3488,0
11965,0
8691,0
7740,0
8442,0
5608,0
5632,0
13976,0
14885,0
8671,0
15290,0
12200,0
2202,0
9124,0
9997,0
12744,0
13888,0
8346,0
68,0
1877,0
3302,0
2543,0
11563,0
1696,0
13394,0
2301,0
9093,0
12225,0
7905,0
14264,0
3570,0
14215,0
9141,0
104,0
5206,0
2229,0
9588,0
8026,0
9728,0
7163,0
7354,0
14766,0
159,0
128,0
14499,0
11515,0
8135,1
13036,0
9838,0
5854,0
11831,0
13505,0
15315,0
7715,0
15385,0
15145,0
14501,0
2258,0
8807,0
10833,0
11853,0
3253,0
1660,0
14847,0
12896,0
4238,0
891,0
9451,0
4130,0
9476,0
2991,0
5974,0
15092,0
9524,1
3643,0
221,0
9489,0
11320,0
1070,0
2024,0
2963,0
445,0
8356,0
14108,0
10771,0
3228,0
2383,0
8847,0
4720,0
9640,0
4172,0
5276,0
6780,0
2711,0
4673,0
9532,0
4089,0
6676,0
4664,0
8911,0
4676,0
12218,0
1729,0
5377,0
14984,0
1314,0
10453,0
12876,0
8567,0
13908,0
12546,0
8912,0
14582,0
3205,0
6603,0
10550,0
3071,0
6208,0
2715,0
10244,0
2734,0
14652,0
2846,0
11664,0
7758,0
5619,0
6238,0
6225,0
6502,0
9229,0
4932,0
10568,0
7335,0
14748,0
2896,0
6060,0
3556,0
9876,0
6135,0
13359,0
1440,0
671,0
8385,0
1552,0
3599,0
1692,0
14574,0
853,0
838,0
8917,0
2052,0
5659,0
8332,0
6655,0
4298,1
4817,0
3674,0
1173,0
7943,0
10735,0
9701,0
13454,0
7898,0
5767,0
10629,0
6037,0
11325,0
31,0
5641,0
9125,0
14209,0
10740,0
12644,0
10915,0
10786,0
8685,0
14338,0
66,0
3892,0
6340,0
13295,0
15200,0
14556,0
1063,0
14842,0
10762,0
9798,0
14212,0
3927,0
2611,0
365,0
8493,0
16,0
9928,0
1769,0
2409,0
629,0
10731,0
7517,0
8706,0
7193,0
11904,0
5104,0
7446,0
4184,0
10488,0
893,0
914,0
6121,0
10482,0
10448,0
7116,0
1697,0
11886,0
3630,0
12921,0
5887,0
5448,0
13642,0
14655,0
4448,0
12367,0
8950,0
7404,0
9865,0
4396,0
9943,0
10226,0
7449,0
6306,0
13801,0
5638,1
959,0
5447,0
14994,0
14771,0
8689,0
10773,0
7610,0
9599,0
2232,0
14195,0
15000,0
12541,0
12607,0
7091,0
12287,0
4237,0
6758,0
4543,0
13997,0
8438,0
11127,0
2723,0
5150,0
12271,0
6172,0
2507,0
14899,0
14402,0
14592,0
1228,0
7879,0
10616,0
12788,0
8464,0
5564,0
14230,0
71,0
2077,0
11607,0
10118,0
7357,0
2457,0
7652,0
12985,0
13050,0
1576,0
10212,0
8127,0
12880,0
2398,0
929,0
8750,0
4933,0
13529,0
9047,0
785,0
9678,0
7629,0
156,0
2410,0
7466,0
8294,0
9430,0
6181,0
10264,0
12077,0
7892,0
1100,0
11741,0
8533,0
15411,0
12330,0
5102,0
6645,0
12710,0
11122,0
6462,0
15206,0
8939,0
9915,0
6416,0
3112,0
5402,0
725,0
2211,0
4526,0
8692,0
12629,0
7731,0
10617,0
10373,0
3241,0
7875,0
15103,0
198,0
7113,0
13771,0
15022,0
4826,0
13151,0
10887,0
9349,0
522,0
12572,0
12770,0
14969,0
2043,0
5132,0
5473,1
15164,0
1503,0
15414,0
9936,0
12205,0
6517,0
1139,0
10253,0
6479,0
8232,0
11199,0
6057,0
14856,0
751,0
14004,0
11307,0
3948,0
9999,0
12118,0
452,0
824,0
2512,0
9881,0
15065,0
13461,0
875,0
10392,0
15125,0
5603,0
14442,0
9418,0
2924,0
5351,0
89,0
13333,0
14862,0
1978,0
7739,0
4316,0
13048,0
10211,0
9804,1
3070,0
4605,0
5108,0
3200,0
4170,0
3042,0
13864,0
377,0
4598,0
12304,0
6829,0
6609,0
1734,0
8994,0
4949,0
9481,0
2700,0
9972,0
5559,0
6175,0
712,0
11954,0
7504,0
528,0
4174,0
8033,0
9888,0
11914,0
13095,0
13155,0
9753,0
195,0
13726,0
4272,0
10893,0
707,0
9756,0
4024,0
14481,0
14843,0
6133,0
7251,0
5674,0
15013,0
1608,0
3391,0
9920,0
4060,0
2815,0
14759,0
1042,0
10367,0
6876,0
3035,0
12798,0
14742,0
10865,0
14632,0
8348,0
4883,0
4909,0
12365,0
1385,0
6727,0
6488,0
7132,0
12583,0
15351,0
7619,0
6001,0
15260,0
3398,0
12386,0
11800,0
9883,0
7033,0
5592,0
13137,0
225,0
9007,0
9100,0
10183,0
4175,0
10431,0
11706,0
3933,0
590,0
5586,0
6041,0
14493,0
13749,0
10825,0
10180,0
2288,0
6163,0
5253,0
6068,0
384,0
11454,0
13592,0
9740,0
13190,0
3672,0
9941,0
6169,0
3879,0
11063,0
9219,0
4164,0
11145,0
15175,0
12150,0
14822,0
3475,0
7300,0
5782,0
9302,0
10584,0
2058,0
14553,0
12914,0
11039,0
9634,0
15152,0
10009,0
13014,0
5778,0
4980,0
14589,0
11518,0
1646,0
256,0
4846,0
9652,0
11304,0
6964,0
5430,0
3582,0
14594,0
10553,0
5511,0
14240,0
4162,0
342,0
6529,0
9734,0
6784,0
5947,0
5814,0
12823,0
7283,0
2920,0
8525,0
9121,0
3294,0
4093,0
5705,0
2869,0
6990,0
12094,0
13179,0
12624,0
5111,0
10315,0
13198,0
4725,0
11963,0
12839,0
5143,0
2830,0
3840,0
4492,0
12131,0
14131,0
7110,0
873,0
6748,0
4303,0
336,0
10338,0
11040,0
1988,0
13645,0
3724,0
10255,0
7178,0
7527,0
7128,0
2072,0
11525,0
4370,0
11447,0
4094,0
1338,0
11848,0
6427,0
3268,0
11269,0
1760,0
2518,0
13633,0
12463,0
5384,0
5593,0
318,0
10381,0
1177,0
8934,0
6002,0
14811,0
8458,0
8871,0
7199,0
12565,0
670,0
10841,0
12963,0
11002,0
8011,0
8122,0
9091,0
673,0
4449,0
7577,0
14080,0
10112,0
9283,0
7792,0
3372,0
3097,0
6244,0
10609,0
13205,0
14844,0
11636,0
12091,0
12377,0
5642,0
246,0
14367,0
15336,0
3162,0
13528,0
7570,0
2917,0
4324,0
14618,0
12471,0
862,0
681,0
3279,0
1951,1
14590,0
11205,0
4113,0
9542,0
2874,0
11671,0
1077,0
11815,0
3571,0
4001,0
12090,0
6709,0
12431,0
14790,0
13252,0
4711,0
29,0
8512,0
701,0
7285,0
15341,0
2006,0
113,0
3777,0
1405,0
7839,0
11562,0
8279,0
12934,0
9939,0
11997,0
12564,0
903,0
5409,0
2129,0
3966,0
5909,0
5900,0
7222,0
3179,0
4114,0
10935,0
1369,0
2935,0
4319,0
11926,0
4401,0
1758,0
1168,0
5558,0
6144,0
10736,0
6311,0
3300,0
7843,0
7643,0
6270,0
13921,0
11342,0
7281,0
4135,0
11088,0
14228,0
2829,0
6916,0
9149,0
7806,0
9781,0
7203,0
2149,0
2906,0
8381,0
2914,0
5924,0
15294,0
11111,0
10589,0
13958,0
1682,0
179,0
4590,0
3467,0
14253,0
6257,0
2999,0
14998,0
348,1
9280,0
4323,0
620,0
7863,0
3011,0
12867,0
8331,0
5527,0
5493,0
8624,0
11421,0
7076,0
10440,0
6608,0
5369,0
7496,0
8180,0
10391,0
1934,0
10593,0
3880,0
13856,0
2977,0
12519,0
13513,0
10832,0
12878,0
6015,0
4340,0
3994,0
3166,0
7933,0
13831,0
6215,0
10764,0
10701,0
1687,0
13625,0
14187,0
1111,0
6187,0
1728,0
10928,0
4766,0
14416,0
14509,0
7396,0
8223,0
5166,0
10705,0
6141,0
638,0
1197,0
8395,0
12032,0
9903,0
12738,0
5066,0
2242,0
12602,0
2569,0
10069,0
63,0
13876,0
10380,0
15199,0
4858,0
14812,0
10188,0
714,0
9399,0
6878,0
8850,0
14746,0
3563,0
7321,0
13150,0
13781,0
5616,0
13375,0
2585,0
14263,0
2797,0
9650,0
